Degnan, Patrick,Cann, Whitaker, Wildman, Metcalf,,,,,,,
Hudson, Matthew,Wildman, Robinson, Iyer, Sinha, Mendenhall,,,,,,
Cann, Isaac K O,Degnan, Maslov, Whitaker, Metcalf, Iyer,,,,,,
Mendenhall, Ruby,Hudson, Uddin, Robinson, Wildman, Rodriguez-Zas,,,,,,
Uddin, Monica,Wildman, Mendenhall, Rodriguez-Zas,,,,,,,,
Robinson, Gene,Hudson, Iyer, Mendenhall, Rodriguez, Sinha,Stubbs,,,,,
Whitaker, Rachel,Degnan, Cann, Metcalf, Maslov,,,,,,,
Wildman, Derek,Bagchi, Degnan, Hudson, Iyer, Mendenhall, Qu, Rodriguez, Vasudevan, Uddin,Zhao, Zhu
Stubbs, Lisa,Robinson, Sinha, Zhao, Bagchi,,,,,,,
Metcalf, Bill,Whitaker, Cann,,,,,,,,,
Song, Jun,Sinha, Maslov,,,,,,,,,
Bagchi, Milan,Stubbs, Wildman,,,,,,,,,
Brunner, Robert,,,,,,,,,,,
Campbell, Roy,Han, Sinha,,,,,,,,,
Chen, Deming,Do, Iyer,,,,,,,,,
Do, Minh,Chen,,,,,,,,,,
Hart, John,,,,,,,,,,,
Iyer, Ravishankar K,Cann, Chen, Robinson, Wildman, Vasudevan,,,,,,
Peng, Jian,Han, Sinha,,,,,,,,,
Sinha, Saurabh,Vasudevan, Peng, Han, Roth, Hudson, Song,,,,,
Vasudevan, Shobha,Sinha, Iyer, Chen, Peng, Wildman, Rodriguez-Zas,,,,,
Han, Jiawei,Han, Roth, Peng, Sinha, Campbell,,,,,,
Roth, Dan,Sinha, Rodriguez-Zas,,,,,,,,,
Maslov, Sergei,Whitaker, Cann, Song,,,,,,,,
Nagi, Rakesh,,,,,,,,,,,
Rodriguez-Zas, Sandra Luisa,Robinson, Mendenhall, Uddin, Stubbs, Campbell, Sinha, Roth, Villamil, Caetano,,
Zhao, Sihai Dave,Robinson, Sinha, Vasudevan, Zhu,,,,,,,
Villamil, Maria Bonita,Rodriguez-Zas,,,,,,,,,,
Caetano-Anolles, Gustavo,Rodriguez-Zas,,,,,,,,,,
Qu, Peiyong  (Annie),Zhu, Wildman,,,,,,,,,
Zhu, Ruoqing,Vasudevan, Zhao, Qu,,,,,,,,
Rosu, Luisa-Maria,,,,,,,,,,,
Stodden, Victoria,,,,,,,,,,,
